,author,title,description,url,urlToImage,publishedAt,content,source.id,source.name
0,,[Removed],[Removed],https://removed.com,,2024-10-16T22:39:13Z,[Removed],,[Removed]
1,Billy Steele,Apple Music helps artists turn concert set lists into playlists,"There's a certain level of fandom you hit when you research a band's tour set list before they come to your city. And some of us like to relive great concerts with some quick research on setlist.fm. The next logical step, once we're armed with this informatio…",https://consent.yahoo.com/v2/collectConsent?sessionId=1_cc-session_7ea2282d-108d-445c-b4b9-8c1fd169551d,,2024-10-17T13:39:16Z,"If you click 'Accept all', we and our partners, including 238 who are part of the IAB Transparency &amp; Consent Framework, will also store and/or access information on a device (in other words, use … [+678 chars]",,Yahoo Entertainment
2,,[Removed],[Removed],https://removed.com,,2024-10-10T23:01:41Z,[Removed],,[Removed]
3,"Kyle Orland, Ars Technica",Apple Engineers Show How Flimsy AI ‘Reasoning’ Can Be,The new frontier in large language models is the ability to “reason” their way through problems. New research from Apple says it's not quite what it's cracked up to be.,https://www.wired.com/story/apple-ai-llm-reasoning-research/,"https://media.wired.com/photos/670eb29ca88ac76b34d258c1/191:100/w_1280,c_limit/apple-llm-fail-biz.jpg",2024-10-15T11:00:00Z,"For a while now, companies like OpenAI and Google have been touting advanced ""reasoning"" capabilities as the next big step in their latest artificial intelligence models. Now, though, a new study fro… [+4477 chars]",wired,Wired
4,Anna Washenko,"The Apple Pencil Pro is 30 percent off, taking it down to an all-time low price","Apple doesn't offer many discounts for its product lineup, so seeing one of its tablet accessories on sale for a third off the usual cost is exciting. The Apple Pencil Pro is available on Amazon for just $90, the lowest price we've seen for it. This is the mo…",https://consent.yahoo.com/v2/collectConsent?sessionId=1_cc-session_2711bbdf-0325-4496-a71b-8ef9816078e3,,2024-10-15T21:03:11Z,"If you click 'Accept all', we and our partners, including 238 who are part of the IAB Transparency &amp; Consent Framework, will also store and/or access information on a device (in other words, use … [+678 chars]",,Yahoo Entertainment
5,Sheena Vasani,The OnePlus Pad is cheaper than ever and comes with a free magnetic keyboard,OnePlus is selling the OnePlus Pad for $359.99 with a free magnetic keyboard. Amazon’s Smart Thermostat and the USB-C Apple Pencil are also on sale.,https://www.theverge.com/2024/10/16/24270849/oneplus-pad-amazon-smart-thermostat-deal-sale,https://cdn.vox-cdn.com/thumbor/q6NYMVwsOkSC_9UJcuxsqIsnFhs=/0x0:3000x2000/1200x628/filters:focal(1500x1000:1501x1001)/cdn.vox-cdn.com/uploads/chorus_asset/file/24616039/oneplus_pad_6.jpg,2024-10-16T15:38:21Z,"The OnePlus Pad is cheaper than ever and comes with a free magnetic keyboard
The OnePlus Pad is cheaper than ever and comes with a free magnetic keyboard
 / We also found deals on the Amazon Smart … [+3298 chars]",the-verge,The Verge
6,Gizmodo Deals,"One Day After Prime Day, Amazon Crushes iPad Prices by 40%",A 40% reduction on an Apple product is historic.,https://gizmodo.com/amazon-crushes-ipad-prices-by-40-hitting-apple-hard-prime-day-2000509556,https://gizmodo.com/app/uploads/2024/09/ipad-9th.jpg,2024-10-10T12:24:51Z,The 9th generation iPad is originally priced at $329 is now available for an astounding $199. This is a massive 40% discount which brings the price of this versatile tablet to its lowest point ever. … [+1493 chars],,Gizmodo.com
7,Gizmodo Deals,"Four Days After Prime Day, Amazon Slashes The Price Of AirPods Max To A Record Low","At less than $400, this Apple headset is an excellent bargain.",https://gizmodo.com/four-days-after-prime-day-amazon-slashes-the-price-of-airpods-max-to-a-record-low-2000511566,https://gizmodo.com/app/uploads/2024/07/airpods-max-apple.jpg,2024-10-13T11:15:55Z,"As the autumn leaves begin to fall and the crisp October air settles in, Amazon has decided to extend its Prime Day festivities and offers a great opportunity for audiophiles. This Sunday, a particul… [+2289 chars]",,Gizmodo.com
8,Dua Rashid,Apple Intelligence Is Set to Make Your Attention Span Even Shorter,These are all the Apple Intelligence features coming to iPhone on October 28.,https://gizmodo.com/apple-intelligence-is-set-to-make-your-attention-span-even-shorter-2000510763,https://gizmodo.com/app/uploads/2024/10/iphone-16.jpg,2024-10-15T19:34:33Z,"One of the biggest blows to our attention spans happened when content started being squeezed into 10-second TikToks, Reels, and Snaps. That gradually made watching long-form content fairly difficult.… [+3074 chars]",,Gizmodo.com
9,Jay Peters,Ticketmaster will start using Apple Wallet’s more useful tickets this month,Ticketmaster announced that it will be the first ticketing company to use Apple’s upgraded Apple Wallet tickets for iOS 18. The first event to use the tickets will be an October 19th Los Angeles Football Club game.,https://www.theverge.com/2024/10/10/24267269/ticketmaster-apple-wallet-new-tickets,https://cdn.vox-cdn.com/thumbor/ogn1mVbYQv9S5xK9iYeuplQo7Es=/0x0:2048x1150/1200x628/filters:focal(1024x575:1025x576)/cdn.vox-cdn.com/uploads/chorus_asset/file/25670129/Apple_Wallet_B2B_Blog_Header_204.jpg,2024-10-10T21:56:13Z,"Image: Ticketmaster

 

 Ticketmaster announced today that it will be the first ticketing company to use Apple’s upgraded Apple Wallet tickets for iOS 18. With the improved tickets, you’ll be able t… [+751 chars]",the-verge,The Verge
10,Joe Tilleli,Prime Day May Be Over But These Apple AirTags Are Still 19% off,Get an individual Apple AirTag for $25 or four for just $80 even though Prime Day has come and gone.,https://gizmodo.com/prime-day-may-be-over-but-these-apple-airtags-are-still-19-off-2000510521,https://gizmodo.com/app/uploads/2024/10/AirTag.jpg,2024-10-10T16:53:02Z,"Prime Day has come in gone. If you’ve been asleep, away from your computer for the past two days, then you may have woken up thinking you’ve missed your big chance to save some cash on gadgets and gi… [+2165 chars]",,Gizmodo.com
11,Germain Lussier,"Silo Season 2 Debuts in November, and Here’s Your First Look",Rebecca Ferguson and Common star in the Apple TV+ sci-fi show based on the Hugh Howey book trilogy.,https://gizmodo.com/silo-season-2-trailer-release-date-apple-sdcc-2024-2000478709,https://gizmodo.com/app/uploads/2024/10/Silo_Season2.jpg,2024-10-14T14:00:36Z,Silo season one ended with a cliffhanger to end all cliffhangers. It desperately made you want to see what was next for Juliette (Rebecca Ferguson) as she discovered everything she thought she knew w… [+1493 chars],,Gizmodo.com
12,Gizmodo Deals,"Whether a Mistake or Not, Amazon Keeps The Prime Day AirTags Deal Alive",This amazing offer on Apple AirTags is available for both the single unit and the four-pack.,https://gizmodo.com/whether-a-mistake-or-not-amazon-keeps-the-prime-day-airtags-deal-alive-2000511758,https://gizmodo.com/app/uploads/2024/10/airtag-apple.jpg,2024-10-14T16:20:37Z,"As Prime Day enters its final hours this Monday, Amazon continues to offer an exceptional deal on AirTags that shoppers won’t want to overlook. These popular tracking devices are currently available … [+1699 chars]",,Gizmodo.com
13,Chris Welch,Was this the sickest iPod?,The iPod Mini didn’t last long — but the tiny MP3 player showed exactly how big Apple’s idea could be.,https://www.theverge.com/c/24238184/apple-ipod-mini-2004-retro-tech-steve-jobs,https://cdn.vox-cdn.com/thumbor/_DXJ1alBkKbOBrWYa3iBggZ5G_4=/138x217:1902x1143/fit-in/1200x630/cdn.vox-cdn.com/uploads/chorus_asset/file/25608376/CHORUS_LEDE.jpg,2024-10-17T13:00:00Z,"I never owned an iPod Mini. Even as a college freshman back at the time of its introduction, I was already more of a full-size iPod kind of nerd. Mine was the third-gen model with the backlit buttons… [+4980 chars]",the-verge,The Verge
14,Cheryl Eddy,Severance Is Already Plotting Out Its Third Season,"With season two on the way, the team behind the sci-fi workplace mystery is hoping Apple TV+ will be game for even more.",https://gizmodo.com/severance-is-already-plotting-out-its-third-season-2000511119,https://gizmodo.com/app/uploads/2024/10/severance_season_1.jpg,2024-10-11T16:30:15Z,One of the most anticipated second seasons in recent memory has got to be Severance: not only has it been excruciatingly long since season one premiered (February 2022) and became an instant fan favo… [+3427 chars],,Gizmodo.com
15,Kyle Barr,"iPad Mini Is Back, and Apple Says It’s Primed for AI","The teeny tiny iPad Mini may still be barely bigger than an iPhone, but this time it’s packing an A17 Pro chip plus support for Apple Pencil Pro.",https://gizmodo.com/ipad-mini-is-back-and-apple-says-its-primed-for-ai-2000511986,https://gizmodo.com/app/uploads/2024/10/Apple-iPad-mini-Apple-Pencil-Pro-241015-2.jpg,2024-10-15T14:21:18Z,"You already have your giant iPhones with the iPhone 16 Pro Max covered, but what if you wanted all that juicy AI goodness with a little more screen? Apple debuted its new iPad mini on Tuesday, showin… [+2487 chars]",,Gizmodo.com
16,Joe Tilleli,The Prime Day Price of the Apple MacBook Air Hasn’t Gone Back Up Yet,Get the 25% off Apple 2022 MacBook Air laptop with M2 chip for its Prime Day price before they remember to change it back.,https://gizmodo.com/the-prime-day-price-of-the-apple-macbook-air-hasnt-gone-back-up-yet-2000510765,https://gizmodo.com/app/uploads/2024/10/MAcBookAirM2.jpg,2024-10-10T20:30:38Z,"The October Prime Days we’ve been waiting months for has already ended. These two days of deals took place earlier this week on October 8 and October 9. Now here we are on October 10, but it looks li… [+2214 chars]",,Gizmodo.com
17,Brittany Vincent,Amazon Offers 30% off the Apple Pencil Pro to Celebrate New iPad Mini Launch,Don't miss out on this chance to add an Apple Pencil Pro to your new iPad setup for a great deal at Amazon.,https://gizmodo.com/amazon-offers-30-off-the-apple-pencil-pro-to-celebrate-new-ipad-mini-launch-2000512100,https://gizmodo.com/app/uploads/2024/10/apple-pencil.jpg,2024-10-15T18:14:45Z,"Apple unveils new iPad mini with support for pencil pro, and Amazon offers the pencil pro at just $90 (30% off) now. If you’re an artist, student, or just someone looking to take your iPad experience… [+2162 chars]",,Gizmodo.com
18,Mike Fazioli,"Pre-Order the New Apple iPad Mini 7 at a Discounted Price, No Joke","Apple's groundbreaking new tablet is going to be one of the hottest holiday buys of the year, so get yours while you can.",https://gizmodo.com/pre-order-the-new-apple-ipad-mini-7-at-a-discounted-price-no-joke-2000512555,https://gizmodo.com/app/uploads/2024/10/iPad-Mini-7.jpeg,2024-10-16T16:54:19Z,Shopping prognosticators agree that one of the hottest Black Friday/Cyber Monday buys of the year will be on the new Apple iPad Mini the first one that’s built for Apple Intelligence. Pre-orders have… [+2269 chars],,Gizmodo.com
19,Hartley Charlton,Apple Watch SE vs. Apple Watch Series 10 Buyer's Guide,"The Apple Watch SE starts at $249, providing an accessible, low-cost option for those interested in owning an Apple smartwatch. The company also now offers the Apple Watch Series 10, which starts at $399, so what exactly do you get by spending an additional $…",https://www.macrumors.com/guide/apple-watch-se-vs-series-10/,https://images.macrumors.com/t/XxB0_YS17jVmCq7FpXXpRI7bOyU=/2500x/article-new/2024/10/Apple-Watch-Series-SE-vs-Series-10-Buyers-Guide.jpg,2024-10-10T14:46:42Z,"The Apple Watch SE starts at $249, providing an accessible, low-cost option for those interested in owning an Apple smartwatch. The company also now offers the Apple Watch Series 10, which starts at … [+6962 chars]",,MacRumors
20,Kyle Barr,The Apple Vision Pro’s First ‘Immersive’ Movie Looks Incredible Due to Classic Filmmaking Techniques,"Apple's first directed short ‘immersive’ movie for Vision Pro, Submerged, shows spatial movies may take more effort than your typical film.",https://gizmodo.com/the-apple-vision-pros-first-immersive-movie-look-incredible-due-to-classic-filmmaking-techniques-2000510024,https://gizmodo.com/app/uploads/2024/10/Apple-Vision-Pro-immersive-video-Submerged-2.jpg,2024-10-10T16:00:35Z,The one thing every current Apple Vision Pro owner demands isto put it simplymore. That is more features and more content. The latest push from Apple to make good on the promise of its first spatial … [+7062 chars],,Gizmodo.com
21,Joe Rossignol,Apple Shares Letter Celebrating 10-Year Anniversary of Apple Pay,"Apple today shared a letter celebrating the recent 10-year anniversary of Apple Pay, which launched in the U.S. on October 20, 2014 as part of iOS 18.1.





Here is the full letter from Jennifer Bailey, Apple's vice president of Apple Pay and Apple Wallet:Wh…",https://www.macrumors.com/2024/10/17/apple-celebrates-10-years-of-apple-pay/,https://images.macrumors.com/t/GJuosV3-Mi9G4zlOrqnw4j_Qfnc=/1920x/article-new/2024/10/Apple-Pay-10.jpg,2024-10-17T13:20:36Z,"Apple today shared a letter celebrating the upcoming 10-year anniversary of Apple Pay, which launched in the U.S. on October 20, 2014 as part of iOS 8.1.Here is the full letter from Jennifer Bailey, … [+3478 chars]",,MacRumors
22,,[Removed],[Removed],https://removed.com,,2024-10-15T19:22:59Z,[Removed],,[Removed]
23,Gizmodo Deals,"After Prime Day, Amazon is Giving You One Last Chance to Buy an iPad 9 at 40% Off",You dream of buying an iPad but don't want to break the bank?,https://gizmodo.com/after-prime-day-amazon-is-giving-you-one-last-chance-to-buy-an-ipad-9-at-40-off-2000511435,https://gizmodo.com/app/uploads/2024/09/ipad-9th.jpg,2024-10-12T12:30:56Z,"This Saturday, Amazon is offering a great deal on the 9th generation iPad (64GB, Wi-Fi model), slashing the price from $329 to just $199. This 40% discount marks the lowest price ever for this good A… [+2240 chars]",,Gizmodo.com
24,Juli Clover,Latest Apple Card Promo Offers 6% Daily Cash Back at Walgreens and Duane Reade,"Apple today shared a new Apple Card promotion that offers ‌Apple Card‌ users six percent Daily Cash back on purchases made at drugstores Walgreens and Duane Reade. 





The bonus is available on up to $500 in purchases when using ‌Apple Card‌ with Apple Pay,…",https://www.macrumors.com/2024/10/15/apple-card-promo-walgreens-duane-reade/,https://images.macrumors.com/t/GBQAvgYd78PL_oldWXdSgY9GZcc=/1732x/article-new/2024/10/apple-cash-promo-walgreens.jpg,2024-10-15T16:47:17Z,"Apple today shared a new Apple Card promotion that offers ‌Apple Card‌ users six percent Daily Cash back on purchases made at drugstores Walgreens and Duane Reade. 
The bonus is available on up to $… [+441 chars]",,MacRumors
25,Juli Clover,Apple Stops Signing iOS 18.0,"Apple today stopped signing iOS 18.0, preventing iPhone users who have upgraded to iOS 18.0.1 from downgrading to iOS 18. Apple released iOS 18.0.1 a week ago on October 3.





It is not unusual for Apple to stop signing older versions of iOS within a week o…",https://www.macrumors.com/2024/10/10/apple-stops-signing-ios-18-0/,https://images.macrumors.com/t/I00FSkiBU64SDTMfRlzvINueoe0=/2500x/article-new/2024/06/Generic-iOS-18-Feature-Real-Mock.jpg,2024-10-10T19:10:59Z,"Apple today stopped signing iOS 18.0, preventing iPhone users who have upgraded to iOS 18.0.1 from downgrading to iOS 18. Apple released iOS 18.0.1 a week ago on October 3.
It is not unusual for App… [+840 chars]",,MacRumors
26,Gizmodo Deals,"Amazon Extends Prime Day, MacBook Air M2 Hits All-Time Low Price This Saturday",This MacBook Air costs half as much as a MacBook Pro.,https://gizmodo.com/amazon-extends-prime-day-macbook-air-m2-hits-all-time-low-price-this-saturday-2000511482,https://gizmodo.com/app/uploads/2024/09/mba-m2.jpg,2024-10-12T14:38:04Z,Amazon has unleashed an extraordinary post Prime Day deal on the 13-inch MacBook Air M2 slashing the price to an unprecedented $749 for the 256GB model down from its regular price of $999. This $250 … [+2546 chars],,Gizmodo.com
27,Juli Clover,Apple Releases New macOS Sequoia 15.1 Public Beta With Apple Intelligence,"Apple today released a new macOS Sequoia 15.1 public beta, allowing non-developers to test the software ahead of its October 28 launch. The latest beta comes a day after Apple provided the seventh beta to developers. 





Public beta testers who have signed …",https://www.macrumors.com/2024/10/16/apple-releases-new-macos-sequoia-public-beta/,https://images.macrumors.com/t/QXQ3qDkhrxMrGY5_SLp7tyYc6bg=/1600x/article-new/2024/09/apple-intelligence-black.jpeg,2024-10-16T17:56:41Z,"Apple today released a new macOS Sequoia 15.1 public beta, allowing non-developers to test the software ahead of its October 28 launch. The latest beta comes a day after Apple provided the seventh be… [+1729 chars]",,MacRumors
28,Tim Hardwick,Apple Unveils New iPad Mini with A17 Pro Chip and Apple Intelligence,"Apple today announced a significant update to the iPad mini, featuring the powerful A17 Pro chip and support for the company's new Apple Intelligence system. The refreshed tablet maintains its compact 8.3-inch design while offering substantial performance imp…",https://www.macrumors.com/2024/10/15/apple-unveils-new-ipad-mini-apple-intelligence/,https://images.macrumors.com/t/Z2o_-REMcUQfTjtMfJWtnaOe8Mk=/1920x/article-new/2024/10/ipad-mini-7.jpg,2024-10-15T13:07:20Z,"Apple today announced a significant upgrade to the iPad mini, now featuring an A17 Pro chip and support for the company's new Apple Intelligence system. The refreshed seventh-generation tablet mainta… [+1336 chars]",,MacRumors
29,Gizmodo Deals,Amazon Didn’t Sell Out of AirPods Pro 2 During Prime Day; Huge Promotion This Weekend,AirPods Pro 2 at Mid-Range Headphone Prices.,https://gizmodo.com/amazon-didnt-sell-out-of-airpods-pro-2-during-prime-day-huge-promotion-this-weekend-2000511438,https://gizmodo.com/app/uploads/2024/10/airpods-pro-2.jpg,2024-10-12T12:46:52Z,"Amazon did not sell out of all the AirPods Pro 2 during Prime Day; instead, it is running a massive promotion this weekend. The popular wireless earbuds, originally priced at $24, are now available f… [+2782 chars]",,Gizmodo.com
30,Mitchel Broussard,Amazon Takes Up to $64 Off Apple Watch Ultra 2 and Series 10 in New Sales,"Amazon this week is discounting a collection of Apple Watch models, including the new Series 10 and Black Ultra 2 devices.



Apple Watch Series 10

Note: MacRumors is an affiliate partner with Amazon. When you click a link and make a purchase, we may receive…",https://www.macrumors.com/2024/10/16/apple-watch-ultra-2-series-10-sales/,https://images.macrumors.com/t/dcN1GckmT1hkYoZYlMf6vFaaWlo=/2500x/article-new/2024/09/Apple-Watch-Series-10-lineup-240909-feature.jpg,2024-10-16T14:45:05Z,"Amazon this week is discounting a collection of Apple Watch models, including the new Series 10 and Black Ultra 2 devices.
Apple Watch Series 10
Note: MacRumors is an affiliate partner with Amazon.… [+1162 chars]",,MacRumors
31,Juli Clover,Apple Seeds Seventh Developer Betas of iOS 18.1 and iPadOS 18.1 With Apple Intelligence,"Apple today provided developers with the seventh betas of iOS 18.1 and iPadOS 18.1 to continue testing Apple Intelligence features. The seventh betas come a week after Apple seeded the sixth iOS 18.1 and iPadOS 18.1 betas.





The updates can be downloaded f…",https://www.macrumors.com/2024/10/14/apple-seeds-seventh-developer-beta-ios-18-1/,https://images.macrumors.com/t/ILRf-IVw2oV_1mKP95yqAgpWiB8=/2500x/article-new/2024/07/Apple-Intelligence-Feature-2.jpg,2024-10-14T17:10:14Z,Apple today provided developers with the seventh betas of iOS 18.1 and iPadOS 18.1 to continue testing Apple Intelligence features. The seventh betas come a week after Apple seeded the sixth iOS 18.1… [+1476 chars],,MacRumors
32,Hartley Charlton,Apple Watch Series 10 vs. Apple Watch Ultra 2 Buyer's Guide: Which Should You Choose?,"The Apple Watch Series 10 arrived a year after the Apple Watch Ultra 2, introducing a revamped design and a more advanced display. Apple did not launch an Apple Watch Ultra 3 this year, leaving last year's ‌Apple Watch Ultra 2‌ as the latest version, so how d…",https://www.macrumors.com/guide/apple-watch-series-10-vs-ultra-2/,https://images.macrumors.com/t/F9utggMXcB3vqmjbQxfUar44iGo=/2500x/article-new/2024/10/Apple-Watch-Ultra-2-vs-Series-10-Buyers-Guide.jpg,2024-10-14T12:42:22Z,"The Apple Watch Series 10 arrived a year after the Apple Watch Ultra 2, introducing a revamped design and a more advanced display. Apple did not launch an Apple Watch Ultra 3 this year, leaving last … [+9197 chars]",,MacRumors
33,Juli Clover,Apple Has No Plans For a Smart Ring,"Though smart rings with health capabilities have been growing in popularity, Apple has no plans to join the smart ring market, according to Bloomberg's Mark Gurman. While Apple explored the idea, there is no active development of a ring going on at this time,…",https://www.macrumors.com/2024/10/10/apple-smart-ring-no-plans/,https://images.macrumors.com/t/y4CL9RKEboFiv0ClUg96nW5_C00=/1600x/article-new/2024/03/samsung-ring.jpg,2024-10-10T22:13:36Z,"Though smart rings with health capabilities have been growing in popularity, Apple has no plans to join the smart ring market, according to Bloomberg's Mark Gurman. While Apple explored the idea, the… [+2393 chars]",,MacRumors
34,Tim Hardwick,Apple TV+ Coming to Amazon Prime Video as Add-On Subscription,"Amazon has announced that Apple TV+ will be available as an add-on subscription through Prime Video in the United States later this month. Prime members will be able to subscribe to Apple TV+ for $9.99 per month directly within the Prime Video app.





The p…",https://www.macrumors.com/2024/10/10/apple-tv-plus-coming-to-amazon-prime-video/,https://images.macrumors.com/t/tJEegDeX5VO-st30vKzb_0QSV-I=/1920x/article-new/2024/10/apple-tv-plus-amazon-prime-vide.jpg,2024-10-10T08:25:43Z,Amazon has announced that Apple TV+ will be available as an add-on subscription through Prime Video in the United States later this month. Prime members will be able to subscribe to Apple TV+ for $9.… [+1765 chars],,MacRumors
35,Igor Bonifacic,You'll soon be able to safely and easily move your passkeys between password managers,"By now, most people know passkeys offer a better way to protect their online credentials than passwords. Nearly every tech company of note, including Apple, Google and Microsoft, supports the protocol. Moreover, despite a slow start, adoption has dramatically…",https://consent.yahoo.com/v2/collectConsent?sessionId=1_cc-session_c9430024-036e-4c1e-8e93-fb6ae347f946,,2024-10-15T16:10:25Z,"If you click 'Accept all', we and our partners, including 238 who are part of the IAB Transparency &amp; Consent Framework, will also store and/or access information on a device (in other words, use … [+678 chars]",,Yahoo Entertainment
36,Joe Rossignol,"iOS 18.1 With Apple Intelligence: New Features, Release Date, and More","iOS 18.1 will be released to the public in the coming weeks, and the software update introduces the first Apple Intelligence features for the iPhone.





Below, we outline when to expect iOS 18.1 to be released.



iOS 18.1: Apple Intelligence Features

Here…",https://www.macrumors.com/2024/10/10/ios-18-1-preview/,https://images.macrumors.com/t/EcrEubJI1gSDI_qE2k8IEULikas=/2500x/article-new/2024/08/Generic-iOS-18.1-Feature-Real-Mock.jpg,2024-10-10T15:26:53Z,"iOS 18.1 will be released to the public in the coming weeks, and the software update introduces the first Apple Intelligence features for the iPhone.
Below, we outline when to expect iOS 18.1 to be … [+1484 chars]",,MacRumors
37,Juli Clover,What You Should Know About Apple's 5G Modem,"For the last several years, Apple has been working to create its own 5G modem, with the eventual goal of eliminating the need to use third-party modem technology. Apple's 5G modem is inching closer to completion, and we could see the first iPhone with an Appl…",https://www.macrumors.com/guide/apple-5g-modem/,https://images.macrumors.com/t/qltrjJzC3JSah0aoZ2i55LrDFZI=/2240x/article-new/2021/03/Apple-5G-Modem-Feature-16x9.jpg,2024-10-16T23:27:00Z,"For the last several years, Apple has been working to create its own 5G modem, with the eventual goal of eliminating the need to use third-party modem technology. Apple's 5G modem is inching closer t… [+7744 chars]",,MacRumors
38,Joe Rossignol,Apple Cancels Self-Driving Vehicle Testing Permit in California After Abandoning Car Project,"Just over six months after Bloomberg's Mark Gurman reported that Apple abandoned its plans to release an electric vehicle, California's Department of Motor Vehicles (DMV) canceled Apple's autonomous vehicle testing permit, according to macReports.





The re…",https://www.macrumors.com/2024/10/11/apple-autonomous-vehicle-testing-permit-canceled/,https://images.macrumors.com/t/VyL2DhOKJibT1nyI4ZnWxqPtnxE=/1600x/article-new/2015/02/carplay-next-gen-hero.jpg,2024-10-11T18:50:19Z,"Just over six months after Bloomberg's Mark Gurman reported that Apple abandoned its plans to release an electric vehicle, California's Department of Motor Vehicles (DMV) canceled Apple's autonomous … [+856 chars]",,MacRumors
39,Joe Rossignol,Is an Apple Event Still Likely This October Following Today's Surprise iPad Mini 7 Announcement?,"Apple has held an October event in three out of the past four years, but is an event this month still likely after today's surprise iPad mini 7 announcement?





While some Apple enthusiasts believe that the iPad mini 7 being unveiled in a press release toda…",https://www.macrumors.com/2024/10/15/will-there-be-an-october-2024-apple-event/,https://images.macrumors.com/t/MumKRRjLvZ6OVbIPzfZCSFeq0uA=/2000x/article-new/2023/10/scary-fast-apple-event.jpg,2024-10-15T20:57:02Z,"Apple has held an October event in three out of the past four years, but is an event this month still likely after today's surprise iPad mini 7 announcement?
While some Apple enthusiasts believe tha… [+1422 chars]",,MacRumors
40,Tim Hardwick,Apple Secretly Developed Long-Range EV Battery Tech with China's BYD,"Apple secretly collaborated with Chinese automaker BYD to develop long-range electric vehicle battery technology as part of its now-nixed Apple Car project, according to Bloomberg. 





Beginning around 2017, the partnership focused on creating a battery sys…",https://www.macrumors.com/2024/10/17/apple-ev-battery-tech-china-byd/,https://images.macrumors.com/t/A6H07YFOj9QyoZccmAKyN9mm8lo=/2500x/article-new/2020/12/Apple-car-wheel-icon-feature-purple.jpg,2024-10-17T09:35:30Z,"Apple secretly collaborated with Chinese automaker BYD to develop long-range electric vehicle battery technology as part of its now-nixed Apple Car project, according to Bloomberg. 
Beginning around… [+1489 chars]",,MacRumors
41,jerry.hildenbrand@futurenet.com (Jerry Hildenbrand),MicroLED smartwatches and why Apple isn't selling a folding phone,Apple isn't selling a foldable phone for the same reason we haven't seen MicroLED take off,https://www.androidcentral.com/phones/microled-smartwatches-and-why-apple-isnt-selling-a-folding-phone,https://cdn.mos.cms.futurecdn.net/YmTFWEufryiiRhADLHhgTY-1200-80.jpg,2024-10-11T19:42:51Z,I recently spent part of an afternoon talking about MicroLED displays with my colleague Michael Hicks and how they may not be quite ready for wearables just yet. I enjoy this type of discussion as I … [+3555 chars],,Android Central
42,Juli Clover,"Apple Launches 'Submerged' Short Film for Vision Pro, Outlines Upcoming Content","Apple today introduced Submerged, the first scripted short film designed for Apple Immersive Video on the Vision Pro headset. The 17-minute movie is set in World War II, and it follows a group of sailors that are struggling to survive a deadly torpedo attack.…",https://www.macrumors.com/2024/10/10/apple-submerged-vision-pro/,https://images.macrumors.com/t/NjPwyVTtX_ou6VDxT3e0vCYhs8Y=/1960x/article-new/2024/10/apple-immersive-video-submerged.jpg,2024-10-10T16:23:53Z,"Apple today introduced Submerged, the first scripted short film designed for Apple Immersive Video on the Vision Pro headset. The 17-minute movie is set in World War II, and it follows a group of sai… [+2652 chars]",,MacRumors
43,,[Removed],[Removed],https://removed.com,,2024-10-15T20:57:31Z,[Removed],,[Removed]
44,Quentyn Kennemer,The Beats Pill speaker is even cheaper than it was during Prime Day,"The Beats Pill Bluetooth speaker is $1 cheaper than its all-time low Prime Day price. Plus, you a Fire TV Stick 4K Max Game Pass bundle and AirPods Max are at their lowest.",https://www.theverge.com/2024/10/11/24267717/beats-pill-speaker-amazon-fire-tv-stick-4k-max-bundle-deal-sale,https://cdn.vox-cdn.com/thumbor/M8ZJfaPzycWL4QWZPUi05OHaysw=/0x0:2040x1360/1200x628/filters:focal(1020x680:1021x681)/cdn.vox-cdn.com/uploads/chorus_asset/file/25504388/DSCF7829.jpg,2024-10-11T15:03:33Z,"The Beats Pill speaker is even cheaper than it was during Prime Day
The Beats Pill speaker is even cheaper than it was during Prime Day
 / Plus, you can save $66 on a Fire TV Stick 4K Max Game Pass… [+3874 chars]",the-verge,The Verge
45,harish.jonnalagadda@futurenet.com (Harish Jonnalagadda),Apple iPhone 16 Pro Max review: A towering success,"The iPhone 16 Pro Max is an iterative upgrade, but thanks to a larger OLED panel and much better battery life, it manages to stand out. And with Apple Intelligence slated to roll out shortly, it should get even better.",https://www.androidcentral.com/phones/apple-iphone-16-pro-max-review,https://cdn.mos.cms.futurecdn.net/o8pzLq2fdUAFtRkXeCqu2D-1200-80.jpg,2024-10-15T05:47:39Z,"The iPhone 16 Pro Max comes with the usual set of upgrades that we expect from Apple: it is faster in daily use, has better cameras, and the battery life is better than its predecessor. But there are… [+22731 chars]",,Android Central
46,Hartley Charlton,Apple Study Reveals Critical Flaws in AI's Logical Reasoning Abilities,"Apple's AI research team has uncovered significant weaknesses in the reasoning abilities of large language models, according to a newly published study.





The study, published on arXiv, outlines Apple's evaluation of a range of leading language models, inc…",https://www.macrumors.com/2024/10/14/apple-study-reveals-flaws-in-ai-reasoning/,https://images.macrumors.com/t/GvfvrwMOk6SH6zpDXTLvupDTvQE=/2500x/article-new/2024/04/Apple-Silicon-AI-Optimized-Feature-Siri-1.jpg,2024-10-14T14:31:20Z,"Apple's AI research team has uncovered significant weaknesses in the reasoning abilities of large language models, according to a newly published study.
The study, published on arXiv, outlines Apple… [+2121 chars]",,MacRumors
47,Tim Hardwick,Apple Planning Smart Glasses and AirPods With Cameras for 2027,"Apple is working on smart glasses and AirPods with built-in cameras for a potential release in 2027, according to Bloomberg's Mark Gurman. The devices are said to be part of Apple's efforts to expand its augmented reality product lineup beyond the Vision Pro …",https://www.macrumors.com/2024/10/14/apple-smart-glasses-airpods-cameras-2027/,https://images.macrumors.com/t/9uJqMj4VFJjMbPcQi5cTqaPUB18=/2500x/article-new/2021/01/Apple-Glasses-Triad-Feature.jpg,2024-10-14T09:02:36Z,"Apple is working on smart glasses and AirPods with built-in cameras for a potential release in 2027, according to Bloomberg's Mark Gurman. The devices are said to be part of Apple's efforts to expand… [+1979 chars]",,MacRumors
48,Hartley Charlton,Apple TV+ Shares First Trailer for 'Silo' Season 2,"Apple TV+ today released the first trailer for the second season of its globally acclaimed drama original series ""Silo,"" which is set to premiere on November 15, 2024.






Based on Hugh Howey's ""Wool"" series of dystopian novels, Silo tells the story of the…",https://www.macrumors.com/2024/10/14/first-trailer-for-silo-season-2/,https://images.macrumors.com/t/zVXbCC4DJADSpOpys59otgep46k=/1600x/article-new/2024/10/silo-season-2-trailer.jpeg,2024-10-14T14:53:54Z,"Apple TV+ today released the first trailer for the second season of its globally acclaimed drama original series ""Silo,"" which is set to premiere on November 15, 2024.
Based on Hugh Howey's ""Wool"" s… [+812 chars]",,MacRumors
49,Samantha Kelly,Apple Reportedly Developing Smart Glasses to Rival Meta's Ray-Bans,But a 2027 timeline could give Meta the advantage for years.,https://www.cnet.com/tech/mobile/apple-reportedly-developing-smart-glasses-to-rival-metas-ray-bans/,https://www.cnet.com/a/img/resize/368ed456b3ba682bbf3c1515a85cb8f87bccd0bc/hub/2024/04/20/ac92ec88-f962-4973-b992-009ba8020bdb/applevisionpro-purple-lime.jpg?auto=webp&fit=crop&height=675&width=1200,2024-10-14T21:34:51Z,Apple is reportedly aiming to launch smart glasses designed with broader mass-market appeal than its Vision Pro headset. The company intends to pour some of the billion dollar R&amp;D investment from… [+1333 chars],,CNET
50,Mitchel Broussard,"Apple Pencil Pro Hits New All-Time Low Price of $89.99, Plus More Accessory Deals","Amazon this weekend has introduced a new record low price for the Apple Pencil Pro, available for $89.99, down from $129.00. Alongside this deal, we're tracking a collection of Apple accessory discounts, including great deals on the Magic Keyboard and MagSafe…",https://www.macrumors.com/2024/10/12/apple-pencil-pro-new-low-price-2/,https://images.macrumors.com/t/05MlP04VQXqolwj-KYQ10TJS3kw=/2500x/article-new/2024/10/accessories-prime-day.jpeg,2024-10-12T17:02:03Z,"Amazon this weekend has introduced a new record low price for the Apple Pencil Pro, available for $89.99, down from $129.00. Alongside this deal, we're tracking a collection of Apple accessory discou… [+1646 chars]",,MacRumors
51,Juli Clover,"Apple Hosts Secretive Conferences to Teach Law Enforcement How to Better Use iPhone, CarPlay and Vision Pro for Police Work","Apple in 2023 hosted a ""Global Police Summit"" to help police agencies around the world better take advantage of Apple products for police work like surveillance, reports Forbes. The meeting was held in October 2023 at Apple Park, and it preceded the Internati…",https://www.macrumors.com/2024/10/10/apple-law-enforcement-conferences/,https://images.macrumors.com/t/j8BhXAnpz7L4fUbW-oQ1I_bvjwk=/3840x/article-new/2024/09/iphone-16-hands-on-front.jpg,2024-10-10T18:57:57Z,"Apple in 2023 hosted a ""Global Police Summit"" to help police agencies around the world better take advantage of Apple products for police work like surveillance, reports Forbes. The meeting was held … [+2682 chars]",,MacRumors
52,tips@androidcentral.com (Nickolas Diaz),Amazon's Apple TV Plus add-on for Prime Video is a huge content library expansion,Amazon announced its plans to bring an Apple TV Plus add-on to its Prime Video subscribers.,https://www.androidcentral.com/streaming-tv/amazon-prime-video-apple-tv-plus-add-on-detailed,https://cdn.mos.cms.futurecdn.net/YFTTF9qXeaniuezXUpDSoM-1200-80.jpg,2024-10-10T19:56:16Z,"What you need to know
<ul><li>Amazon announced that it plans to bring an Apple TV Plus add-on to Prime Video subscribers.</li><li>This brings a host of Apple TV Plus shows, Original films, MLS Seaso… [+2897 chars]",,Android Central
53,James Bricknell,The 9th-Gen iPad Is My Kid's Favorite Toy and It's Still Massively Discounted After Prime Day,"She abuses the device but also loves the Apple tablet more than life. For $200, it's basically a steal.",https://www.cnet.com/deals/the-9th-gen-ipad-is-my-kids-favorite-toy-and-its-still-massively-discounted-after-prime-day/,https://www.cnet.com/a/img/resize/155ce3715b0975c0642ee4e927533f004f37c420/hub/2023/11/22/933c86b5-9ddc-4483-b2b0-ff114d2c533b/ipad-9-gen-kids-toy.jpg?auto=webp&fit=crop&height=675&width=1200,2024-10-10T19:32:21Z,"If the sight of this image upsets you, I understand. Believe me when I tell you this is the image of a well-loved and well-used part of my daughter Emma's life. This ninth-gen iPad has been with her … [+2147 chars]",,CNET
54,Juli Clover,Apple Intelligence: What to Know About Summaries and Smart Replies,"Summaries and smart reply options aren't the flashiest of Apple Intelligence features, but these are capabilities that Apple is introducing in iOS 18.1 that have the potential to be useful for most people's day-to-day device usage.





Summaries

Summaries a…",https://www.macrumors.com/guide/apple-intelligence-smart-replies-summaries/,https://images.macrumors.com/t/QXQ3qDkhrxMrGY5_SLp7tyYc6bg=/1600x/article-new/2024/09/apple-intelligence-black.jpeg,2024-10-11T20:40:16Z,"Summaries and smart reply options aren't the flashiest of Apple Intelligence features, but these are capabilities that Apple is introducing in iOS 18.1 that have the potential to be useful for most p… [+5619 chars]",,MacRumors
55,Juli Clover,Win an Apple Watch Series 10 and Nylon Band From Southern Straps,"For this week's giveaway, we've teamed up with Southern Straps to give MacRumors readers a chance to win one of Apple's new Apple Watch Series 10 models and a Southern Straps band to go along with it. Southern Straps has been producing high-quality bands for …",https://www.macrumors.com/2024/10/11/macrumors-giveaway-southern-straps-october-2024/,https://images.macrumors.com/t/P3ikPax7NdAbsDXqBSlKaLwds8I=/3415x/article-new/2023/10/southern-straps-nylon-band-3.jpg,2024-10-11T16:13:14Z,"For this week's giveaway, we've teamed up with Southern Straps to give MacRumors readers a chance to win one of Apple's new Apple Watch Series 10 models and a Southern Straps band to go along with it… [+3087 chars]",,MacRumors
56,Amanda Hoover,The market for used phones is growing. Apple should be scared.,The market for refurbished phones is taking off. That should make Apple scared.,https://www.businessinsider.com/refurbished-iphones-market-apple-sales-slump-android-cell-phones-cheaper-2024-10,https://i.insider.com/670e8e81a70318649282008b?width=1200&format=jpeg,2024-10-16T09:55:01Z,"faustudio/Getty, Mensent Photography/Getty, svetolk/Getty, Tyler Le/BI
""Every once in a while, a revolutionary product comes along that changes everything,"" Steve Jobs said when he unveiled the iPho… [+8353 chars]",business-insider,Business Insider
57,Mike Fazioli,"Small Price for Millions of Free Content with BitMar’s AI-Powered Content Finder, Just $15!","StackSocial is giving away lifetime access to this AI-powered content finder with millions of shows, movies, songs, and more for just $15.",https://gizmodo.com/small-price-for-millions-of-free-content-with-bitmars-ai-powered-content-finder-just-15-2000512074,https://gizmodo.com/app/uploads/2024/10/Untitled-design-11.jpg,2024-10-15T17:28:37Z,"If someone came to you and said they had the key to streaming millions literally millions of free shows, movies, channels, videos, and songs from web sources all over the world, your first thought mi… [+2321 chars]",,Gizmodo.com
58,msmash,Apple Study Reveals Critical Flaws in AI's Logical Reasoning Abilities,"Apple's AI research team has uncovered significant weaknesses in the reasoning abilities of large language models, according to a newly published study. MacRumors: The study, published on arXiv [PDF], outlines Apple's evaluation of a range of leading language…",https://apple.slashdot.org/story/24/10/15/1840242/apple-study-reveals-critical-flaws-in-ais-logical-reasoning-abilities,https://a.fsdn.com/sd/topics/ai_64.png,2024-10-15T19:21:00Z,"The funny thing is... Somehow our ability to reason is an emergent property of weighted connections in a network. Because we don't understand how that happens, we don't know why it isn't happening wi… [+276 chars]",,Slashdot.org
59,Joe Rossignol,iPad Pro and Apple Pencil Pro Used to Design Seven NHL Goalie Masks Shown in This New Ad,"Apple today shared a new ad that highlights how artists used the iPad Pro and Apple Pencil Pro to design personalized artwork for seven NHL goalie masks being worn during the 2024-25 season. The artwork was then hand painted onto the masks.






The goalie …",https://www.macrumors.com/2024/10/11/nhl-goalie-mask-artwork-made-on-ipad/,https://images.macrumors.com/t/HYyNj5terNZ52JGrXrVTRnMye1w=/1600x/article-new/2024/10/Made-on-iPad-NHL-Goalie-Masks.jpg,2024-10-11T14:14:32Z,Apple today shared a new ad that highlights how artists used the iPad Pro and Apple Pencil Pro to design personalized artwork for seven NHL goalie masks being worn during the 2024-25 season. The artw… [+650 chars],,MacRumors
60,Liz Kocan,"Unsure What to Watch This Week? Stream The Lincoln Lawyer, Shrinking, Maxxxine and More","Don't miss the latest on Netflix, Apple TV Plus, Peacock and other streamers. Here's what's coming to streaming the week of Oct. 14 to Oct. 20.",https://www.cnet.com/tech/services-and-software/unsure-what-to-watch-this-week-stream-lincoln-lawyer-shrinking-maxxxine-more/,https://www.cnet.com/a/img/resize/069eac752b547d8b57df382165c2ad462f2b3960/hub/2024/10/09/2f74f079-71d0-4354-9133-f2fca79e750e/shrinking.jpg?auto=webp&fit=crop&height=675&width=1200,2024-10-13T12:00:03Z,"There's so much great stuff to watch this week across all the streaming services, from Netflix to Apple TV Plus to Peacock. Whether you're looking for more horror to prepare you for Halloween, or a f… [+1285 chars]",,CNET
61,"jzinkula@insider.com (Jacob Zinkula,Alistair Barr)",Apple's Made-in-the-USA chips signal a turnaround for the US' big semiconductor bet,"TSMC's US chip production for Apple is ""a success story,"" said an analyst. And it's key to the Biden administration's domestic chips efforts.",https://www.businessinsider.com/tsmc-making-apple-iphone-chips-helps-us-semiconductor-bet-2024-10,https://i.insider.com/670ed20aa703186492829bdf?width=1200&format=jpeg,2024-10-16T09:39:28Z,"The US's efforts to produce more semiconductor chips have encountered some challenges over the past few years, but the tide may be turning.
TSMC, the world's leading chipmaker, has begun producing A… [+5494 chars]",business-insider,Business Insider
62,,Apple teases when iOS 18.1 update will arrive with Apple Intelligence features,,https://consent.yahoo.com/v2/collectConsent?sessionId=1_cc-session_9eddce14-1993-49c9-be0e-df9ad9a553a2,,2024-10-16T20:41:47Z,"If you click 'Accept all', we and our partners, including 238 who are part of the IAB Transparency &amp; Consent Framework, will also store and/or access information on a device (in other words, use … [+678 chars]",,Yahoo Entertainment
63,Katherine Tangalakis-Lippert,Chelsea Manning avoids Google and Microsoft — and says she prefers Apple products for cybersecurity,"Chelsea Manning is the face of a new VPN called Nym. She's also speaking out about cybersecurity in general, saying she deems Apple products the best.",https://www.businessinsider.com/cybersecurity-chelsea-manning-avoid-google-microsoft-favor-apple-vpn-privacy-2024-10,https://i.insider.com/670f034da70318649282a9d8?width=1024&format=jpeg,2024-10-16T00:24:50Z,"Chelsea Manning says she thinks Apple has the best security among Big Tech companies — and says she avoids Microsoft and Google products.Getty Images
<ul><li>Chelsea Manning is the face of a new VPN… [+5126 chars]",business-insider,Business Insider
64,Jordan Hart,Tim Cook is having a great week as Apple stock hovers within reach of record high,"IDC recently estimated that iPhone shipments rose 3.5% in the third quarter, and analysts are optimistic about holiday sales and Apple Intelligence.",https://www.businessinsider.com/iphone-demand-shipments-holidays-apple-intelligence-analysts-optimistic-2024-10,https://i.insider.com/670fd21d6ac7b701e7cc17d1?width=1200&format=jpeg,2024-10-17T10:21:01Z,"Wall Street analysts expect Apple to get a boost from the rollout of its generative AI features, called Apple Intelligence.Michael M. Santiago/Getty Images
<ul><li>IDC recently estimated that iPhone… [+4121 chars]",business-insider,Business Insider
65,Juli Clover,iOS 18.1 Includes Option to Set 'Primary' Email Address and Change iCloud Email,"In iOS 18.1, there is a new option to set a ""Primary"" email address in the Settings app, which means it is easier to change the main email address associated with your Apple Account. The Primary email address is the one that is visible to other people when co…",https://www.macrumors.com/2024/10/11/ios-18-1-primary-email-address/,https://images.macrumors.com/t/WqlJ_vwQ83zb8zUPai47G6eFU0k=/2000x/article-new/2024/10/ios-18-1-make-primary.jpg,2024-10-11T22:55:19Z,"In iOS 18.1, there is a new option to set a ""Primary"" email address in the Settings app, which means it is easier to change the main email address associated with your Apple Account. The Primary emai… [+1120 chars]",,MacRumors
66,Joe Rossignol,Apple's Supply Chain Gears Up for MacBook Pro Models With M4 Chips,"Apple's supply chain is gearing up for new MacBook Pro models with M4 chips, which are expected to be announced this month, according to DigiTimes.





""Apple is expected to unveil new MacBook Pro models equipped with the latest M4 chip in October, which cou…",https://www.macrumors.com/2024/10/16/m4-macbook-pro-supply-chain-report/,https://images.macrumors.com/t/ioCiSxI7bwOKwbWI8hOW5_n9W2o=/1600x/article-new/2023/10/m3-mbp-space-black.jpg,2024-10-16T15:36:25Z,"Apple's supply chain is gearing up for new MacBook Pro models with M4 chips, which are expected to be announced this month, according to DigiTimes.
""Apple is expected to unveil new MacBook Pro model… [+1441 chars]",,MacRumors
67,michael.hicks@futurenet.com (Michael L Hicks),Garmin might beat Apple and Samsung to this watch display milestone — but there's reason for skepticism,"Since the Garmin Fenix 8 launched in August 2024, we've seen several leaks suggesting Garmin might sell a ""Fenix 8 MicroLED."" Despite the convincing evidence, there's reasons to doubt whether Garmin can pull this off, based on Apple and Samsung's struggles wi…",https://www.androidcentral.com/wearables/garmin-leak-suggests-fenix-8-microled-watch-coming-but-reasons-for-skepticism,https://cdn.mos.cms.futurecdn.net/e5ZNbibquFyQLLZHdiG8qe-1200-80.jpg,2024-10-10T15:14:03Z,"What you need to know
<ul><li>Garmin watch face developers have spotted and leaked official references to new ""Garmin fēnix 8 MicroLED"" and ""tactix 8 — AMOLED"" watches.</li><li>A previous leak sugge… [+5735 chars]",,Android Central
68,Hartley Charlton,iPad Mini 6 vs. iPad Mini 7 Buyer's Guide: 20 Changes Compared,"Apple today revealed the seventh-generation iPad mini, introducing several significant upgrades that make it a standout from its predecessor. Here's everything that's new.





At the core of the new device is the A17 Pro chip, first introduced last year in t…",https://www.macrumors.com/guide/ipad-mini-6-vs-7/,https://images.macrumors.com/t/6HG_Q1iBJKlN5N1rvgWDPus9AEc=/2500x/article-new/2024/10/iPad-mini-6-vs-7-Feature.jpg,2024-10-15T14:18:42Z,"Apple today revealed the seventh-generation iPad mini, introducing several significant upgrades that make it a standout from its predecessor. Here's everything that's new.
At the core of the new dev… [+5605 chars]",,MacRumors
69,MacRumors Staff,"Top Stories: iOS 18.1 Release Date, New Macs Incoming, and More","Things are firming up for a big Halloween week for Apple, with the company's next operating system updates reportedly coming early in the week and hardware launches coming a few days later.





Ahead of those hardware launches, we've recently seen what appea…",https://www.macrumors.com/2024/10/12/top-stories-ios-18-1-release-date/,https://images.macrumors.com/t/ErEC5GfeOnH8Fpm_ir7mEEfGIUw=/1600x/article-new/2024/10/top-stories-12oct2024.jpg,2024-10-12T13:00:00Z,"Things are firming up for a big Halloween week for Apple, with the company's next operating system updates reportedly coming early in the week and hardware launches coming a few days later.
Ahead of… [+4759 chars]",,MacRumors
70,Kyle Barr,"This Bracelet Allows You to ‘Touch’ a Loved One, No Matter Where You Are","The Bond Touch 4 bracelet lets you send “touches” to loved ones, and the updated version includes better ‘touch sensitivity.’",https://gizmodo.com/this-bracelet-allows-you-to-touch-a-loved-one-no-matter-where-you-are-2000510571,https://gizmodo.com/app/uploads/2024/10/Bond-Touch-4-hands-holding-2.jpg,2024-10-10T18:10:00Z,"Im still waiting for the device that will let me reach out and touch faith, as Depeche Mode once sang. Instead, were still beholden to this mortal coil, lingering in a state where one may long for ph… [+2783 chars]",,Gizmodo.com
71,David Nield,How to lock any app with Face ID on an iPhone using iOS 18,The new Face ID lock in iOS 18 lets you get your iPhone to ask for biometric authentication whenever a particular app is launched.,https://www.theverge.com/24267102/iphone-ios-18-lock-app-how-to,https://cdn.vox-cdn.com/thumbor/A55zAsvOduPsZkHtdSp6PdPaixY=/0x0:2040x1360/1200x628/filters:focal(1020x680:1021x681)/cdn.vox-cdn.com/uploads/chorus_asset/file/23986267/HT015_S_Haddad_ios_iphone_apps.jpg,2024-10-11T14:26:42Z,"Illustration by Samar Haddad / The Verge

 

 Having to hand your iPhone over to someone can be a fairly common occurrence. Maybe your little nephew wants to play a game or your friend wants to chec… [+3930 chars]",the-verge,The Verge
72,Joe Rossignol,"iPad Mini 7 Has These 6 Smaller Changes, Including a Faster USB-C Port","Apple today introduced the iPad mini 7 with a faster A17 Pro chip, Apple Intelligence support, and Apple Pencil Pro support. In addition, the device also received a handful of smaller upgrades and changes compared to the previous model, as outlined below.



…",https://www.macrumors.com/2024/10/15/ipad-mini-7-smaller-changes/,https://images.macrumors.com/t/L99L4pjjqPYrPrlk534nWTBeJOY=/1920x/article-new/2024/10/ipad-mini-7-feature.jpg,2024-10-15T15:18:16Z,"Apple today introduced the iPad mini 7 with a faster A17 Pro chip, Apple Intelligence support, and Apple Pencil Pro support. In addition, the device also received a handful of smaller upgrades and ch… [+2972 chars]",,MacRumors
73,Tim Hardwick,iOS 18: Use New Library and Notes Features in Apple Maps,"Apple Maps in iOS 18 introduces two helpful new features: a centralized Library for saved content and the ability to add personal notes to locations. Here's how to take advantage of these new tools.





Using the New Library

Apple's iOS 18 update brings sig…",https://www.macrumors.com/how-to/ios-add-place-notes-apple-maps-library/,https://images.macrumors.com/t/HZah0Dp2y7FjQZPl13-X9xCA6UM=/2500x/article-new/2024/08/Generic-iOS-18-Maps-Feature.jpg,2024-10-14T14:40:25Z,"Apple Maps in iOS 18 introduces two helpful new features: a centralized Library for saved content and the ability to add personal notes to locations. Here's how to take advantage of these new tools.… [+1961 chars]",,MacRumors
74,Tim Hardwick,"Apple Cuts Entry-Level iPad Price in Europe, Removes Charger From Box","Yesterday we noted that the new iPad mini 7 does not come with a charger in the box when sold in European countries, and it turns out the same now also applies to entry-level iPads sold by Apple across the continent.





Since its release in 2022, Apple's mo…",https://www.macrumors.com/2024/10/16/apple-reduces-pad-price-europe-no-charger/,https://images.macrumors.com/t/JzA_V6lKHd411fZhXVRhPiCLeXM=/2500x/article-new/2024/08/ipad-10th-gen-blue.jpg,2024-10-16T11:41:40Z,"Yesterday we noted that the new iPad mini 7 does not come with a charger in the box when sold in European countries, and it turns out that the same now also applies to entry-level iPads sold by Apple… [+1320 chars]",,MacRumors
75,Juli Clover,Surgeons at UCSD Find Apple Vision Pro Promising for Minimally Invasive Surgery,"Surgeons at the University of California, San Diego have been testing the Apple Vision Pro for surgeries, and have performed more than 20 minimally invasive operations while wearing the headsets. Surgeon and director of the Center for Future Surgery at UCSD, …",https://www.macrumors.com/2024/10/16/ucsd-surgeons-apple-vision-pro/,https://images.macrumors.com/t/U5F834H-I5zpL52LdtY8A2yZvIk=/1600x/article-new/2024/10/vision-pro-survery-ucsd.jpg,2024-10-16T18:45:55Z,"Surgeons at the University of California, San Diego have been testing the Apple Vision Pro for surgeries, and have performed more than 20 minimally invasive operations while wearing the headsets. Sur… [+1782 chars]",,MacRumors
76,Joe Rossignol,Apple's Pro Display XDR is Nearly Five Years Old With No Update in Sight,"Apple sells two external displays, including the Pro Display XDR and the Studio Display, but neither has received hardware upgrades in years. In fact, the Pro Display XDR is nearly five years old, having been released all the way back in December 2019.





B…",https://www.macrumors.com/2024/10/11/pro-display-xdr-is-nearly-five-years-old/,https://images.macrumors.com/t/DXlOabFQMWgo4IcLruj8ixndpJ0=/1600x/article-new/2024/01/Pro-Display-XDR-Gray.jpg,2024-10-11T19:46:20Z,"Apple sells two external displays, including the Pro Display XDR and the Studio Display, but neither has received hardware upgrades in years. In fact, the Pro Display XDR is nearly five years old, ha… [+2495 chars]",,MacRumors
77,BeauHD,Chinese Hack of US ISPs Show Why Apple Is Right About Backdoors,Alypius shares a report from 9to5Mac: It was revealed this weekend that Chinese hackers managed to access systems run by three of the largest internet service providers (ISPs) in the US. What's notable about the attack is that it compromised security backdoor…,https://apple.slashdot.org/story/24/10/10/025236/chinese-hack-of-us-isps-show-why-apple-is-right-about-backdoors,https://a.fsdn.com/sd/topics/iphone_64.png,2024-10-10T10:00:00Z,It was revealed this weekend that Chinese hackers managed to access systems run by three of the largest internet service providers (ISPs) in the US. What's notable about the attack is that it comprom… [+1224 chars],,Slashdot.org
78,Lloyd Lee,"Apple's chief people officer, who reports directly to Tim Cook, is leaving the company after less than 2 years","Carol Surface, Apple's chief people officer, is leaving the company after a short tenure. Her departure comes as other senior execs are making moves.",https://www.businessinsider.com/apple-chief-people-officer-leaving-carol-surface-executive-2024-10,https://i.insider.com/671045013f2165d716e26278?width=1200&format=jpeg,2024-10-16T23:48:56Z,"Carol Surface, Apple's chief people officer, seen in 2007, is leaving the company.May Tse/South China Morning Post via Getty Images
<ul><li>Apple Chief People Officer Carol Surface is leaving after … [+2076 chars]",business-insider,Business Insider
79,Tim Hardwick,FIDO Alliance Working on Making Passkeys Portable Across Platforms,"The FIDO Alliance is developing new specifications to enable secure transfer of passkeys between different password managers and platforms. Announced on Monday, the initiative is the result of collaboration among members of the FIDO Alliance's Credential Prov…",https://www.macrumors.com/2024/10/15/fido-alliance-portable-passkeys-across-platforms/,https://images.macrumors.com/t/eds0HbFtrNRlnYjIoOTfZc4BWdI=/1920x/article-new/2022/08/ios-16-passkeys-websites.jpg,2024-10-15T11:58:33Z,"The FIDO Alliance is developing new specifications to enable secure transfer of passkeys between different password managers and platforms. Announced on Monday, the initiative is the result of collab… [+1509 chars]",,MacRumors
80,Aashna Gheewalla,Last Chance to Score the Highly Rated Beats Solo 3 Headphones for Less Than $100,"Anti-Prime Day sales at Walmart might be starting to wrap up, but some deals -- like over 50% off Beats headphones -- are sticking around a bit longer.",https://www.cnet.com/deals/last-chance-to-score-the-highly-rated-beats-solo-3-headphones-for-less-than-100/,https://www.cnet.com/a/img/resize/877c7e603c0069386b47b9a726d5e6a15b9794a0/hub/2024/10/04/43869673-d369-4ddc-8ac7-04c11db3cbce/beats-solo-3-cnet.png?auto=webp&fit=crop&height=675&width=1200,2024-10-11T19:39:00Z,"If there's one name you'll consistently see on CNET's favorite headphones list, it's Beats. Combining a popular sound signature and great aesthetics makes them regular chart-toppers for music lovers.… [+1229 chars]",,CNET
81,Reuters,Apple launches new iPad mini with AI features,"The new iPad mini is powered by Apple's A17 Pro chip, which is used in the iPhone 15 Pro and Pro Max models.  With a six-core central processing unit, the...",https://finance.yahoo.com/news/apple-launches-ipad-mini-ai-145518525.html,https://s.yimg.com/cv/apiv2/social/images/yahoo_default_logo.png,2024-10-15T14:55:18Z,"(Reuters) - Apple on Tuesday launched its new generation of the iPad mini packed with AI features including writing tools and an improved Siri assistant, as the iPhone maker races to boost its device… [+1437 chars]",,Yahoo Entertainment
82,,Apple announces new iPad mini geared towards Apple Intelligence,"iPad mini has Apple Intelligence, 8.3-inch Liquid Retina display, A17 Pro chip, supports Apple Pencil Pro and Apple Pencil (USB-C), in four colors.",https://www.apple.com/ipad-mini/,https://www.apple.com/v/ipad-mini/r/images/meta/ipad-mini_overview__ficvb3cxycmm_og.png?202410111432,2024-10-15T14:35:29Z,"The ultimate iPad experience with the most advanced technology.
Ultra Retina XDR display
ProMotion technology
P3 wide color
True Tone
Antireflective coating
Nano-texture display glass option on… [+947 chars]",,Apple Newsroom
83,derrek.lee@futurenet.com (Derrek Lee),"News Weekly: OnePlus 13 may borrow a popular iPhone feature, Apple TV Plus gets a new home, and more","This week, we get more OnePlus 13 teasers, Chromebooks may be losing Windows, and more.",https://www.androidcentral.com/phones/news-weekly-october-12-2024,https://cdn.mos.cms.futurecdn.net/uMRLDMQoTPhqLXwxR4hBdd-1200-80.jpg,2024-10-12T12:00:00Z,"(Image credit: Android Central)
News Weekly is our column where we highlight and summarize some of the week's top stories so you can catch up on the latest tech news.
This is Android Central's News… [+6273 chars]",,Android Central
84,Joe Rossignol,Some BMW Owners Experiencing Issues With Shared Car Keys on iOS 18,"Following the release of iOS 18 last month, some BMW owners have experienced issues with shared car keys in the Apple Wallet app, according to messages on the Apple Support Community and the largest BMW discussion forum.





Affected users said that the ""pas…",https://www.macrumors.com/2024/10/11/ios-18-bmw-apple-wallet-car-key-issue/,https://images.macrumors.com/t/bPzGoFi3WvdsBqKtOoxlj6fgQgE=/1600x/article-new/2022/06/bmw-digital-key-plus-wallet-app-car-key.jpg,2024-10-11T14:31:30Z,"Following the release of iOS 18 last month, some BMW owners have experienced issues with shared car keys in the Apple Wallet app, according to messages on the Apple Support Community and the largest … [+576 chars]",,MacRumors
85,insider@insider.com (Tyler Hayes),Apple AirPods 4 review: Solid noise-canceling for people who prefer an open fit that doesn't plug their ears,"AirPods 4 are available with or without active noise cancellation (ANC), but the ANC option stands out as a great alternative to the AirPods Pro.",https://www.businessinsider.com/guides/tech/apple-airpods-4-review,https://i.insider.com/670d7f016ac7b701e7caeeba?width=1200&format=jpeg,2024-10-14T20:56:02Z,"When you buy through our links, Business Insider may earn an affiliate commission. Learn more
The new AirPods 4 are the most significant entry in Apple's earbuds lineup since the original model laun… [+11022 chars]",business-insider,Business Insider
86,,"""Bad Apple"" in Minecraft","Demoscene is the art of pushing computers to perform tasks weren’t designed to handle. One recurring theme in demoscene is the shadow-art animation “Bad Apple!!”. We’ve played it on the Commodore 64, Vectrex (a unique game console utilizing only vector graphi…",https://purplesyringa.moe/blog/we-built-the-best-bad-apple-in-minecraft/,https://purplesyringa.moe/blog/we-built-the-best-bad-apple-in-minecraft/og.png,2024-10-10T13:02:36Z,"We built the best ""Bad Apple!!"" in Minecraft
October 10, 2024 Hacker NewsDemoscene is the art of pushing computers to perform tasks werent designed to handle. One recurring theme in demoscene is the… [+33134 chars]",,Purplesyringa.moe
87,Mitchel Broussard,"All-Time Low Prices Hit 14-Inch M3 MacBook Pro, Available From $1,299","Today we're tracking a pair of discounts on Apple's 14-inch M3 MacBook Pro at Amazon and Best Buy. These deals include $300 off original prices of the 512GB and 1TB models, and both match the all-time low price on each model.



Note: MacRumors is an affiliat…",https://www.macrumors.com/2024/10/15/14-inch-m3-macbook-pro-low-prices/,https://images.macrumors.com/t/CU0FiTMwDka0IOYrc58d3zD9bJ0=/2500x/article-new/2024/08/macbook-pro-blue-green.jpg,2024-10-15T14:54:32Z,"Today we're tracking a pair of discounts on Apple's 14-inch M3 MacBook Pro at Amazon and Best Buy. These deals include $300 off original prices of the 512GB and 1TB models, and both match the all-tim… [+798 chars]",,MacRumors
88,Tim Hardwick,iPhone 18 to Use Enhanced 2nm Chip Tech Integrating 12GB RAM,"Apple's 2026 iPhones will use TSMC's next-generation 2-nanometer fabrication process in combination with a new packaging method that will integrate 12GB of RAM, a reputable source of accurate predictions about Apple's plans has claimed.





In a Weibo post o…",https://www.macrumors.com/2024/10/15/iphone-18-enhanced-2nm-chip-12gb-ram/,https://images.macrumors.com/t/IVZhzM2GRs4phrpsKPH_q1To7UI=/1920x/article-new/2020/10/Apple-Silicon-Teal-Feature.jpg,2024-10-15T10:45:09Z,"Apple's 2026 iPhones will use TSMC's next-generation 2-nanometer fabrication process in combination with a new packaging method that will integrate 12GB of RAM, a reputable source of accurate predict… [+3017 chars]",,MacRumors
89,Gizmodo Deals,"Prime Day: Amazon is Not Done Yet, Here Are the 10 Best Deals for This Thursday",Amazon aims to capitalize on the Prime Day momentum by continuing to provide substantial discounts across a wide range of products in its inventory.,https://gizmodo.com/prime-day-amazon-is-not-done-yet-here-are-the-10-best-deals-for-this-thursday-2000510289,https://gizmodo.com/app/uploads/2024/10/prime-day-amazon-october-24.jpg,2024-10-10T12:36:45Z,"As the dust settles on Amazon’s Prime Day event, shoppers are discovering that the deals aren’t over just yet. While the official event has concluded, a treasure trove of discounts remains for those … [+3831 chars]",,Gizmodo.com
90,Joe Rossignol,iPhone 17 Pro and Pro Max Rumored to Feature Easier Battery Removal,"The batteries inside the iPhone 16 and iPhone 16 Plus use an innovative type of adhesive that can be loosened with low-voltage electrical current from a 9V battery, USB-C charger, or another power source. While this change does not apply to iPhone 16 Pro mode…",https://www.macrumors.com/2024/10/10/iphone-17-pro-electrical-battery-removal-rumor/,https://images.macrumors.com/t/g5hvs3IEgunjZdD4OIPGFO5jVso=/1600x/article-new/2024/10/iPhone-16-Pro-Battery.jpg,2024-10-10T14:29:17Z,"The batteries inside the iPhone 16 and iPhone 16 Plus use an innovative type of adhesive that can be loosened with low-voltage electrical current from a 9V battery, USB-C charger, or another power so… [+1194 chars]",,MacRumors
91,Todd Feathers,The Crusade to Replace Passwords With Passkeys Just Got More Fuel,The FIDO Alliance released an online resource to explain why passkey technology is superior to passwords and how businesses can adopt it.,https://gizmodo.com/an-industry-group-wants-you-to-replace-your-passwords-with-passkeys-2000512254,https://gizmodo.com/app/uploads/2024/10/passkey-fido-alliance.jpg,2024-10-16T11:00:17Z,"A global tech industry group devoted to ending the internet’s dependence on passwords has released a set of resources that it hopes will usher in a new paradigm for how we sign in to things online.
… [+2242 chars]",,Gizmodo.com
92,Katelyn Chedraoui,This Beats' Pill Speaker Is Still at a Record Low Price Post-Prime Day,"If you're looking for a mini speaker you can take on the go, the Beats Pill is a great choice and it's still at a great price.",https://www.cnet.com/deals/this-beats-pill-speaker-is-still-at-a-record-low-price-post-prime-day/,https://www.cnet.com/a/img/resize/2b69ae2ef6c16034486d549031eb8d5d8f3e9cba/hub/2024/10/08/88e6b1a6-f50b-4512-a227-65b07dbc4265/beats-pill-pd.png?auto=webp&fit=crop&height=675&width=1200,2024-10-10T19:32:41Z,"It's no surprise to see a record-low price during Prime Day. Sadly, Prime Day is now over. But if you didn't get a chance to shop, don't worry because there are still lots of live deals you can shop.… [+1146 chars]",,CNET
93,Brittany Vincent,Amazon Still Offers iPad 9 at Prime Day Price to Combat Prime Day FOMO,"If you've had your eye on a new iPad, now's the time to snag one for nearly half-off at Amazon.",https://gizmodo.com/amazon-still-offers-ipad-9-at-prime-day-price-to-combat-prime-day-fomo-2000511184,https://gizmodo.com/app/uploads/2024/10/Untitled-design-7.jpg,2024-10-11T18:30:15Z,"If you’re in the market for a versatile and affordable tablet, the 9th-generation iPad is an excellent choice for just about anyone. Whether you’re a student, a professional who needs to work on the … [+2144 chars]",,Gizmodo.com
94,Mike Fazioli,Smart Gift Choice with LumiCharge Multifunctional Desk Lamps Up to 60% Off!,Take charge of your desktops and night stands during this massive sale at LumiCharge.,https://gizmodo.com/smart-gift-choice-with-lumicharge-multifunctional-desk-lamps-up-to-60-off-2000512368,https://gizmodo.com/app/uploads/2024/10/Lumicharge-desk-lamps.jpeg,2024-10-16T16:22:47Z,"If your desk or night stand is a disorganized jumble of charging cords, you’re hardly alone. The need to keep our cellphones and other mobile devices handy and charged at all times can create an octo… [+2362 chars]",,Gizmodo.com
95,Mariella Moon,Google wants to put the consequences of its Epic antitrust ruling on pause during appeal,"Google has formally filed a motion [PDF] asking the 9th Circuit Court of Appeals to put a pause on the order that forces the company to open the Play store to competitors. If you'll recall, Google lost an antitrust lawsuit filed by Epic Games after a federal …",https://consent.yahoo.com/v2/collectConsent?sessionId=1_cc-session_3d2e4e73-021d-41f5-a732-1f592b658151,,2024-10-17T02:03:54Z,"If you click 'Accept all', we and our partners, including 238 who are part of the IAB Transparency &amp; Consent Framework, will also store and/or access information on a device (in other words, use … [+678 chars]",,Yahoo Entertainment
96,Tim Hardwick,iPhone SE 4 Case Leak Suggests Device May Not Feature Action Button,"Serial leaker Sonny Dickson has shared an image on social media purporting to show a case designed for Apple's unannounced iPhone SE 4. The case aligns with most rumors about the device, expected to launch in the spring, but there is one difference.





Rumo…",https://www.macrumors.com/2024/10/14/iphone-se-4-case-leak-no-action-button/,https://images.macrumors.com/t/KkEtcGzO12V5eKcf75Yo34LZCMY=/2500x/article-new/2024/05/iPhone-SE-4-Thumb-1.jpg,2024-10-14T11:13:28Z,"Serial leaker Sonny Dickson has shared an image on social media purporting to show a case designed for Apple's unannounced iPhone SE 4. The case aligns with most rumors about the device, expected to … [+1907 chars]",,MacRumors
97,Juli Clover,Amazon Launches First Kindle With Color Display,"Amazon today refreshed its popular Kindle e-reader lineup, introducing the first Kindle that has a color display. The $280 Kindle Colorsoft has a 7-inch high-contrast display that Amazon says offers ""paper-like color.""





While Amazon has released tablets w…",https://www.macrumors.com/2024/10/16/amazon-kindle-color-display/,https://images.macrumors.com/t/D0mcyrZ3QpnHKvAeNS0M9TyME_I=/1920x/article-new/2024/10/kindle-colorsoft.jpg,2024-10-16T22:27:32Z,"Amazon today refreshed its popular Kindle e-reader lineup, introducing the first Kindle that has a color display. The $280 Kindle Colorsoft has a 7-inch high-contrast display that Amazon says offers … [+1873 chars]",,MacRumors
98,gnikoloff,Drawing Graphics on Apple Vision with the Metal Rendering API,Drawing graphics efficiently for Apple Vision using the Metal rendering API - gnikoloff/drawing-graphics-on-apple-vision-with-metal-rendering-api,https://github.com/gnikoloff/drawing-graphics-on-apple-vision-with-metal-rendering-api,https://opengraph.githubassets.com/ba143416c4639eec85285c3e93a59360fd2d0f352a822003a2234eae7305f102/gnikoloff/drawing-graphics-on-apple-vision-with-metal-rendering-api,2024-10-15T06:44:44Z,<ol><li>Introduction<ol><li>Why Write This Article?</li><li>Metal</li><li>Compositor Services</li></ol></li><li>Creating and configuring a LayerRenderer<ol><li>Variable Rate Rasterization (Foveation)… [+49011 chars],,Github.com
99,Filipe Espósito,Apple reportedly worked with China’s BYD on batteries for its car project,"The Apple Car project was canceled before it even saw the light of day, and although Apple has never publicly acknowledged the project, we know a lot of details about it thanks to different insiders. Now a new report has revealed details about a partnership b…",https://9to5mac.com/2024/10/16/apple-byd-batteries-for-its-car/,https://i0.wp.com/9to5mac.com/wp-content/uploads/sites/6/2024/01/next-gen-carplay.webp?resize=1200%2C628&quality=82&strip=all&ssl=1,2024-10-16T22:39:08Z,"The Apple Car project was canceled before it even saw the light of day, and although Apple has never publicly acknowledged the project, we know a lot of details about it thanks to different insiders.… [+2121 chars]",,9to5Mac
